carrier_name,average_delay
Endeavor Air Inc.,0.1779044623550226
American Airlines Inc.,0.16515596498270968
Alaska Airlines Inc.,0.11815581585399074
JetBlue Airways,0.2588331447252609
Delta Air Lines Inc.,0.1264285091162872
