SkyWest Airlines Inc.,0.1821416591297997
SkyWest Airlines Inc.,0.1821416591297997
