Year,Percentage of Delayed Flights
2012,21.0033035605041
2013,19.524395114255096
2014,22.281410578528472
2015,20.305861867708053
2016,17.03295191233371
2017,16.695010949904187
